,PS Ratio,PB Ratio,EBITDA to EV,PE Ratio,Dividend Yield,Price to Cashflow,Net Debt Change
ADT,0.89,1.290337125,0.16427406810693226,-9.44,0.02428600642162244,1.2710870813838188e-08,-0.002595760156795774
AFL,3.1927525252525237,0.948204301900133,0.10141277671339627,8.53,0.026531944148757723,3.1621151868781095e-08,-0.07084343948486997
AES,1.1,2.612654645287068,0.10630182963578848,33.17,0.03421932322454291,2.109858202458379e-08,-0.0634548513850222
T,1.51,1.3749600554655708,0.13504259840396168,18.84,0.05668437827269084,2.9917350638747292e-09,0.003402124422644988
ABT,4.59,4.37726669040044,0.04949215532298949,37.76,0.016379465174646727,3.10443797210814e-08,0.006087571429221157
ABBV,3.99,-15.70975289631506,0.09962225566335468,16.2,0.0509109153174352,2.6665768811833736e-08,-0.28939173698462806
ATVI,7.25,3.4956623223312757,0.05275221570782457,29.56,0.006233250400003177,6.20216541581918e-08,-0.06679291406501574
ADBE,15.02,14.27606522536034,0.024899225718090532,51.37,0.03133656744828923,2.159593312596593e-07,-0.07547784240266829
AAP,0.95,2.531927382832558,0.07948279377307946,19.05,0.001913217292779029,8.443178435607485e-07,-0.2718279808627526
AMG,1.56,1.0378783383708878,0.1863264802762707,150.6,0.01883683340392333,1.8565203638549533e-07,-0.004520535825408193
A,4.76,4.75776003334125,0.04596722970271016,29.01,0.008887465255940374,-1.2094220306121821e-06,-0.16251939248371083
APD,5.94,4.204710868025022,0.06117879671664706,24.73,0.0204808473716201,2.9744678255846426e-07,0.09154617203985886
AKAM,5.17,3.844138258253212,0.06490107609778292,29.21,0.03133656744828923,2.872843615904465e-07,-0.32510268706784445
AA,0.2,0.4162408571904253,0.5119508299412058,-1.43,0.03133656744828923,3.425726337347922e-08,-0.02280013033736281
ALXN,4.3,1.730456809081784,0.12596251803901745,8.37,0.03133656744828923,1.723500742673615e-07,-0.243416946487229
ADS,0.63,1.894916695997188,0.07661083950187297,-11.87,0.03639100266343701,-2.0964830403429077e-07,0.1235306273524332
ALL,3.1927525252525237,1.200412804930817,0.10141277671339627,6.77,0.01931255902966026,7.775027756950614e-08,-0.03611109479404836
ALTR,5.0,3.321591914864944,0.013595741283380577,-287.6,0.03133656744828923,2.0401013294439764e-05,-0.49241230054336055
MO,4.01,12.374115115367175,0.14059010183531848,-59.01,0.07791742382216062,1.5162406650706474e-08,-0.0675176608480801
AMZN,3.39,14.89257498269005,0.031313172743466636,78.2,0.03133656744828923,9.212736132438191e-08,-0.2512600652715161
AEE,3.64,2.5729142911328373,0.07488534104811681,24.33,0.02296205620751872,1.583417554860489e-07,-0.08288137017027478
AAL,0.16,-53.73124745204339,0.1691712574141079,3.93,0.025110592028720322,2.4140923623949433e-08,0.03774060859778552
AEP,3.22,2.480809014716951,0.06635807053345145,24.9,0.02787921306185993,8.721324265584882e-08,-0.12775567874117724
AXP,1.93,3.4745580152692224,0.11873612761631555,12.76,0.015273237280066122,3.134310903496406e-08,-0.0353439429187342
AIG,3.1927525252525237,0.4291020391251268,0.10141277671339627,9.06,0.03499473891462168,-2.2931463683919616e-07,-0.01765580184763507
AMT,15.09,21.008275714611308,0.03378634694215852,56.76,0.016084833050627835,2.3112870507396145e-07,-0.26877312551073823
ABC,0.1,6.267691652241267,0.12202559192076004,27.9,0.019477368930092078,5.928476808030678e-07,-0.04848596904406561
AMP,1.1,2.332705143613381,0.1506456525035958,7.73,0.030937775744167846,-1.9817089155596305e-07,-0.10721790740287954
AME,4.05,3.458281259890013,0.06159794872994655,20.49,0.006468515979395446,2.18196707694936e-07,-0.059089869373291845
AMGN,5.55,12.486373906434542,0.08068902171834573,15.84,0.027857743441287462,7.955228161545433e-08,0.06251594741596796
APH,3.49,5.811537456679416,0.0664933842250563,23.0,0.010820840350211138,1.9543710064731872e-07,0.0014597192336501246
APC,2.74,4.255432373106015,0.15186249143204428,20.17977011494252,0.008650484939916669,9.519609355223114e-08,-0.06370166383209824
ADI,6.9,3.1660835416483395,0.05892672638488751,29.87,0.02118858560737799,2.8080521426230195e-07,-0.05511307267780654
ANTM,3.1927525252525237,2.177012460870627,0.10141277671339627,14.92,0.011499064592072915,2.0692288954732098e-07,-0.051224328543294034
APA,1.27,1.2453955198898443,0.23403972965809733,-1.03,0.0484778623036182,1.2586304742026884e-08,-0.007721927650923447
AIV,8.44,4.038631130797638,0.04411202947251796,14.86,0.03231458389871136,4.822577591312364e-07,-0.12006110711505892
AAPL,4.98,13.047770290559875,0.058566956895847636,21.47,0.010726045583444994,8.572387649065944e-09,0.03057093697232185
AMAT,3.66,5.914406865111485,0.06672293024402505,17.84,0.01465306294219227,5.2877251883411273e-08,0.0041702054526789
ADM,0.33,1.037465566314053,0.08970151229742053,14.52,0.03860917144975456,-1.9493362036467297e-08,-0.15378461378753724
AIZ,3.1927525252525237,1.1484134131840906,0.10141277671339627,19.15,0.020550137101329264,4.5589969783231454e-07,-0.08030267069091086
ADSK,12.05,-259.572585463072,0.012519916392638296,167.83,0.03133656744828923,2.3042810597335363e-07,-0.21998385633244202
ADP,4.86,12.600620424218311,0.04886271847963583,27.6,0.02139601093453715,2.1305724725601983e-07,-0.1146361288920192
AN,0.18,1.159910070123007,0.0987166114906654,8.06,0.03133656744828923,7.180417569291583e-07,0.07732741916574187
AZO,2.1,-15.197947058101079,0.08661290697051209,17.02,0.03133656744828923,3.316133220180867e-07,-0.06436282999567475
AVB,13.03,2.569510423210911,0.0390211315192241,35.62,0.03019531705440872,6.21819147427094e-07,-0.05050804120048301
AVY,1.46,8.242778353861961,0.08784846591015069,33.04,0.01921290534071,4.0517404592374213e-07,0.023841858619370205
BBT,3.1927525252525237,1.3921069331683513,0.10141277671339627,14.13,0.03128105554176416,5.435010436923148e-08,-0.008792554616313945
BLL,2.24,8.437297757477344,0.05320903837330094,43.94,0.007390167769397514,7.78326927222234e-08,-0.09321004696359846
BAC,3.1927525252525237,0.7259445940798571,0.10141277671339627,8.2,0.026369225982809948,3.808199917379192e-10,-0.0482501397865553
BK,3.1927525252525237,0.7451001876847961,0.10141277671339627,7.84,0.03240164872438591,-1.3806075182384953e-08,-0.07540155203373752
BAX,3.94,5.181958978763769,0.05631279810241687,26.86,0.009298330702236337,1.6663042726479895e-07,0.06181016597911322
BDX,3.79,3.1215620373679647,0.061260385128249405,86.81,0.013390699998352644,3.176906766809103e-07,0.0658265454815566
BBBY,0.1,0.4671334421062698,0.42745416109193307,-1.51,0.07049851039910837,7.370777464373254e-06,0.0009322121714404403
BBY,0.46,5.107174019927193,0.13361442038093507,11.55,0.027449541779771342,4.1390147532812615e-08,-0.18466651170461434
BIIB,4.52,3.977608852291941,0.10734909568245278,9.57,0.03133656744828923,1.4947280290293193e-07,-0.08791324828593387
BLK,4.89,1.9592023786011883,0.08945849382931129,15.0,0.02990094915915279,3.62693463304314e-07,-0.06086605782309375
HRB,1.31,7.242897233918213,0.21700131377741538,10.71,0.05310893545697544,-2.6454788841347423e-08,0.0037510483777725982
BA,2.01,-15.475984645181097,0.002015259039285948,-201.58,0.03220149742311611,-1.0049078837092405e-07,-0.18662573398395535
BWA,0.61,1.1610254996617624,0.23669190627075357,7.38,0.023697002902617222,1.3664809903137954e-07,0.18668530789353557
BXP,7.08,3.506805445054898,0.054247034160613695,39.08,0.02931028525370747,3.355381385142925e-07,-0.08221974912363415
BSX,4.95,3.528630177161487,0.04326043897202912,10.6,0.03133656744828923,4.921494185236366e-08,-0.262518473790553
BMY,5.38,2.54540646072358,0.04766531415243439,27.3,0.02892177312230041,2.773274407604347e-08,-0.7347188277686244
CBS,1.06,5.26481122260862,0.12756726914769803,5.49,0.018158377848581445,3.316133220180867e-07,-0.014592069050090023
CF,1.83,2.407110218089779,0.14957569872499418,14.37,0.032654371524463384,1.0762039062584749e-07,0.061352489122111616
CHRW,0.6,5.135658202042608,0.08609661587190397,15.13,0.03144840975723227,2.9634526872718733e-07,-0.049049690045356586
CI,3.1927525252525237,1.4805329327803618,0.10141277671339627,13.52,0.00020819528898563,6.345221996288308e-08,0.011121734791868558
CME,16.36,2.907391226995989,0.03909999429514556,35.89,0.013923800524731949,2.9264658470293264e-07,0.053352957761544265
CMS,2.89,3.7965278439350914,0.06731827926120791,27.59,0.023396827521949617,1.6816973896491085e-07,-0.08898780586817649
CSX,4.5,3.990970094385225,0.09316883031640696,14.79,0.014150307748465058,5.464422915727256e-08,-0.04361733470482417
CVS,0.33,1.268840410458371,0.10353849479942025,12.36,0.032021701482389614,2.3327196321814337e-08,-0.13131932239861926
COG,3.4,3.24256146858761,0.1654534068745629,10.68,0.021710649066869196,6.396779649015065e-08,-0.03533244480357068
CPB,1.94,13.651710484279004,0.06640411174490382,29.96,0.02799811138382471,1.0311613285319528e-07,0.11979952645193218
COF,3.1927525252525237,0.5883180388895835,0.10141277671339627,6.72,0.019777644358389135,2.1551773207010204e-08,-0.049498626582137696
CAH,0.1,2.301390557591343,0.13675504303767955,-3.43,0.03924380103916676,6.847318826004788e-08,-0.04411999470979154
KMX,0.78,3.8800533768857375,0.028810076346711202,15.07,0.03133656744828923,9.855827619416726e-06,-0.0822172819465188
CCL,0.72,0.4604341949078101,0.21008528854496164,5.05,0.07441719509692978,2.0192985011484486e-08,-0.0896432939020649
CAT,1.26,3.93692789299359,0.10975368429135667,9.96,0.03157531196556545,4.372386492838431e-08,0.05337019156991042
CELG,5.27,12.829454131316606,0.07913130901325376,20.17977011494252,0.03133656744828923,5.11901218613745e-08,-0.20693684043299776
CNP,0.9,1.1008621677339439,0.09620382729748471,13.73,0.05529785538526001,3.0648027839933464e-08,-0.28854946619467303
CTL,0.59,0.8625583670307497,0.18704874273266317,-2.15,0.085284159891994,5.406624011882981e-09,-0.011798690102933038
CERN,4.17,5.263326266649131,0.05916913034395256,43.8,0.0073769586502402205,1.5890038200375104e-07,-0.2893178686323792
CHK,0.05,0.0740580546021527,0.24012987085152404,-0.74,0.03133656744828923,3.58274778771156e-10,-0.05668269043963755
CVX,1.32,1.093874700233079,0.14567391222759143,53.5,0.05136503092908805,1.4083792143179022e-08,0.08777825252003486
CMG,3.75,11.224509056454028,0.03979975954233896,54.67,0.03133656744828923,2.896305917069549e-06,-0.7709865411657983
CB,3.1927525252525237,1.1306639671314582,0.10141277671339627,14.3,0.02075342920493417,7.457723081286554e-08,-0.06320858527489587
XEC,1.09,0.465478804547081,0.3248252845270724,-7.31,0.03384367407809896,4.1559700754923256e-08,-0.2350867189356562
CINF,3.1927525252525237,1.5045320336382177,0.10141277671339627,7.52,0.02286739566342658,2.766771729239203e-07,-0.09383511058644174
CSCO,3.32,4.802376120066638,0.09911505074516802,14.95,0.03686975361225851,1.0018939519258486e-08,-0.0019934915226214474
CTAS,4.2,9.093408649981994,0.050184739186168545,29.39,0.007669661329105027,8.318394247932711e-07,-0.08731015803222712
C,3.1927525252525237,0.559655624703208,0.10141277671339627,6.44,0.032036543542686834,-6.043025169360743e-09,-0.03939892471650682
CTXS,4.96,17.609932486300483,0.052856481675547,22.41,0.012002290866330739,5.720788161458297e-07,0.28844188893803463
CLX,3.66,39.14273522512559,0.05374052537639228,27.69,0.024691187863189357,8.046406898948012e-07,-0.039858461799241844
COH,3.1927525252525237,-24.434416880523045,0.10141277671339627,20.17977011494252,0.03133656744828923,3.316133220180867e-07,-0.07359828503120855
KO,6.55,12.059324495053808,0.043462896718504125,26.02,0.03009825155913373,1.9259933769605163e-08,-0.030678435154465975
CCE,3.1927525252525237,-24.434416880523045,0.10141277671339627,20.17977011494252,0.03133656744828923,3.316133220180867e-07,-0.07359828503120855
CTSH,1.9,2.815241881130749,0.10565371337566211,16.4,0.013755371292174263,5.494890237610127e-08,-0.13149746442747648
CL,4.11,511.3220166536113,0.06151659479259279,25.95,0.02373824218839832,7.317645214727078e-08,-0.20369310171975596
CMCSA,1.69,2.1684176716093853,0.11986605123828938,13.4,0.02118905138595211,6.139967401230155e-09,-0.0016266176866322494
CMA,3.1927525252525237,0.6948875220207982,0.10141277671339627,4.61,0.05993257470255463,1.6045085615124111e-07,-0.04133149592709692
CAG,1.5,1.8672683903921659,0.07379748011227268,17.39,0.03040712524381194,1.2430818668565662e-07,-0.5512579434471312
COP,1.55,1.0952359908701137,0.24234903212590025,5.4,0.030563496331622173,1.0941070982281614e-08,0.07394045410640074
CNX,0.62,0.2595327501342519,0.19768514508612398,-12.96,0.03133656744828923,4.9568065096081834e-08,-0.042029276483819406
ED,2.39,1.6417903742513873,0.08583596683715503,22.39,0.03412024120070779,7.310072870569007e-08,-0.05153628002555622
STZ,4.34,2.181171600235772,0.06308585798623098,37.54,0.017366388126906065,2.570625335734528e-07,-0.22437200173028124
GLW,1.65,1.4023329129128945,0.11528349504113856,20.85,0.03358194236741328,2.30177562745777e-08,-0.10953576957456157
COST,0.9,9.16033770663554,0.04641873103541566,36.19,0.008592170020715606,3.316133220180867e-07,-0.0886200563143086
CCI,11.6,6.247219439576308,0.027346189105208703,75.88,0.0291023079119979,1.840990759191017e-07,-0.28099487770024756
CMI,1.0,2.823705101091438,0.13552608576230066,9.8,0.03377821586352888,1.6635576324159778e-07,-0.06266570804729073
DHI,1.19,1.905459833479738,0.09822577536857059,10.56,0.01196815680865063,-4.406239518991162e-07,-0.05254196828871259
DTE,1.81,1.7428962780736261,0.07403605660806861,16.9,0.0341615685557875,1.3661135839405967e-07,-0.14642537065924646
DHR,5.79,3.2821619306094716,0.0435756558605163,42.32,0.0047224150679111,1.2851443188763148e-07,-0.35973080143964725
DRI,1.26,4.182833051408387,0.10267046962205499,15.2,0.03746057539675611,4.1741065086138725e-07,-0.0706535708905991
DVA,0.9,4.657777671330317,0.11591855811206547,14.86,0.03133656744828923,1.0895874843013817e-07,-0.019910730252828784
DE,1.37,4.163018638549551,0.0844764048171054,14.67,0.019140541488671586,-2.9600679669799643e-07,-0.06071080250341267
DAL,0.65,1.8400286803578794,0.21344120042278455,5.96,0.03436477399536886,4.423760056404918e-08,-0.024242809695585853
XRAY,2.49,1.8598601739608132,0.06697014508187932,36.23,0.008630903562758196,1.4120858670036748e-07,-0.021181887377045693
DVN,0.83,0.541430678221761,0.23089809775652587,-9.03,0.02701945387540654,1.4503750055113413e-08,0.3377635294346249
DO,0.29,0.07523866547238182,0.03324422134726265,-0.65,0.03133656744828923,7.215124724190254e-08,-0.07158699866931682
DIS,3.0,2.1631050536870937,0.062411986173425416,17.42,0.015917294208020204,6.374813883409267e-08,-0.5291703242866032
DFS,3.1927525252525237,1.4431468019961036,0.10141277671339627,6.14,0.027453249705117064,3.7834864219861064e-08,-0.04795311419432506
DISCA,1.3,0.3911556667223884,0.15317341211914356,7.13,0.03133656744828923,1.9632244458706777e-08,0.030886579094717783
DISCK,1.18,0.8442559580882578,0.16505719135483077,6.62,0.03133656744828923,1.7768283560844028e-08,0.01600374333480108
DG,1.61,6.6245404779175185,0.059883692328886164,25.93,0.008124984055128811,3.0073214197825397e-07,-0.051734713002917855
DLTR,0.8,3.274055596060156,0.07774817538655995,24.87,0.03133656744828923,9.54996729616791e-08,-0.39347551294680494
D,4.62,2.125195830533584,0.06662117650644107,51.2,0.04333827126528706,5.541062578211791e-08,-0.1983384385817604
DOV,2.07,4.535464027454996,0.0777180505536823,20.68,0.01985161099402054,2.5904509329355115e-07,-0.03747751501130252
DOW,0.7,1.7207181729468592,0.13576352352473742,-17.0,0.05496410378187532,1.516739991540092e-08,0.07081988288420431
DD,1.43,0.675102641539779,0.10811845608134076,54.54,0.05503696849753424,6.216313433228692e-08,2.4146664976867203
DUK,2.93,1.5190713695653202,0.07489942555226031,19.0,0.03926585600991921,3.7610276412314846e-08,-0.059713770244874655
DNB,3.1927525252525237,-24.434416880523045,0.10141277671339627,20.17977011494252,0.03133656744828923,1.9930495258232514e-06,-0.05354403366007962
EOG,1.88,1.0604361231586188,0.21283332206298838,8.33,0.020046958345473362,2.0987314303027488e-08,-0.09583205618809529
EQT,0.44,0.1899387912737554,0.2398263264389652,-1.54,0.0195899041255283,3.179110652890892e-08,0.12796374019296608
ETFC,2.99,1.285673985948626,0.17543385721325802,9.89,0.013621682122315364,1.9705634834169353e-08,0.07012310062202545
EMN,0.88,1.155448424605843,0.13870350909211213,9.09,0.04410951992689058,7.617419304430538e-08,0.004104863029984751
EBAY,2.8,10.21698599951042,0.08678262257195463,17.22,0.01558591789118252,4.36754211933998e-08,0.08195020742941979
ECL,3.83,6.190974462876182,0.04890997148535209,33.98,0.009716480034325865,2.2674516227572377e-07,0.0003168827217877179
EIX,2.03,1.74875680822716,0.09142915850477223,16.97,0.03732021562303998,1.1756805319879363e-07,-0.097328242033864
EW,10.09,9.740399115947989,0.03138896540519278,38.24,0.03133656744828923,4.772241614641193e-07,-0.08184409062078266
EA,6.49,5.52489950363996,0.04273191588044495,11.08,0.03133656744828923,9.173271915443125e-08,0.11153914588362179
EMR,2.07,4.075865794021919,0.09496602115743731,14.65,0.0329723057855958,1.1738351594438855e-07,-0.09417787559940667
ETR,2.3,2.2002985456182,0.08901659400503155,18.44,0.030863370987269476,1.6840972109171676e-07,-0.030969916357665446
EFX,5.49,6.828659077230206,0.03592863572964041,-44.3,0.01049173888972037,6.264609068134299e-07,-0.24332052446713195
EQIX,9.71,5.802255660210955,0.039550812943034225,98.46,0.01694728212360179,1.1283149995669788e-06,-0.1411792512218491
EQR,11.32,2.790469902304181,0.04561783404806862,28.18,0.030279119978349218,2.0807877649133785e-07,-0.04448286372916029
ESS,13.78,3.090460100257529,0.03949842747763962,42.68,0.02714568224117576,6.76535539786282e-07,-0.046173743845163706
ES,3.91,2.413092557785102,0.060844305791011515,32.97,0.022441362089566954,1.8022274969193333e-07,-0.05282514789999396
EXC,1.37,1.2760173747060808,0.11720733358914859,14.2,0.0323104600945679,3.2622797139831546e-08,-0.029229767952413277
EXPE,1.08,2.992857904629036,0.1319717500624577,22.85,0.014837105485485546,2.450470717599684e-07,-0.21102403915459117
EXPD,1.49,5.442833188338227,0.07522141533146526,19.74,0.014431330183316193,4.2747495220859676e-07,-0.14622599426131908
XOM,0.8,0.9658030152186635,0.12154453108037877,12.59,0.07442199611193398,6.561541088825209e-09,-0.11215471646693848
FLIR,2.89,2.6854476795387434,0.07235982548741764,29.1,0.017709908556353703,3.899503159969607e-07,-0.28191128176917535
FMC,2.58,4.175240838653311,0.07943463425165778,22.06,0.0186413145366893,1.7844468962644012e-07,-0.046772851161759756
FTI,0.42,0.5839321115966005,0.26943019438143345,-1.76,0.04141902845113421,1.591842068222714e-08,-0.08365307357958177
FB,7.4,4.183412440945412,0.0736095772872722,27.46,0.03133656744828923,1.432376331255999e-08,-0.6047446050622857
FAST,3.77,6.861615029715313,0.061127810343138814,23.2,0.02595706657852611,1.2405101075383027e-07,-0.09822334782056301
FDX,0.5,1.689386660607786,0.16807307711897532,417.42,0.020700447148181082,7.542361800546997e-08,-0.09225627729471604
FFIV,3.38,3.97674552507328,0.08932442775369018,17.58,0.03133656744828923,7.289955423486396e-07,-0.1987028649964589
FIS,8.42,1.6902861882474527,0.039892716678390956,134.76,0.010345086550785457,1.9376678442323865e-07,-0.5991244876269651
FITB,3.1927525252525237,0.634474819665418,0.10141277671339627,5.64,0.04255489111430185,1.094934867406699e-08,-0.137225694858591
FSLR,1.55,0.8500834993788825,0.15115440433297583,-37.16,0.03133656744828923,4.991620890542112e-08,-0.1902496665208968
FISV,7.2,2.146480471890939,0.03542582177755364,56.54,0.03133656744828923,7.606576269258456e-08,-0.7899247477328858
FE,2.35,3.2782781838495385,0.08112958769843621,27.45,0.03325541838871287,5.9318068110751e-08,-0.06566702983877575
FLR,0.06,0.3663980095658226,0.7716886899768769,-0.83,0.09596380913876429,-2.992646184928723e-07,0.00983585696666394
FLS,1.24,2.242873389716817,0.09260495066711819,16.18,0.02165815832467021,1.8053283390119824e-07,-0.033194101271990295
F,0.18,0.7104888515323348,0.061328599920976355,205.0,0.0967975138441507,2.0080346588836245e-09,-0.04665519454220807
FOSL,0.11,0.510124359360057,0.11873743122659441,-4.75,0.03133656744828923,3.965065132803249e-08,-0.08110057959829821
BEN,1.96,1.017899699976992,0.295283648381211,8.07,0.05070399707427867,3.566546661856365e-07,-0.02612213873632061
FCX,0.97,1.319470033485835,0.09775637133420294,-49.3,0.021846294181611478,4.9126945794625146e-08,0.04307529323796722
FTR,0.01,0.028460919828143423,0.20169314578644543,-0.01,0.03133656744828923,1.669153751361489e-09,0.025063404017135128
GME,0.03,0.19238460593720821,-0.7316010080042371,-0.5,0.10138008459224858,-3.378308097075505e-07,0.04067459075029801
GPS,0.3,1.2820928978434556,0.4013436718891227,5.5,0.07680058584343358,-2.1481898520924192e-07,0.10933975108269642
GD,1.2,3.3334829889050632,0.0919532024219844,12.97,0.02534788843808345,6.041443663601272e-08,-0.05062546119467058
GE,0.9,2.577318883185891,0.1008185517926956,110.13,0.00425689880028178,1.216042400430604e-09,0.1251532733357158
GIS,2.0,4.753352429700104,0.07552719613281109,15.74,0.03703284789646141,6.342172229080466e-08,0.037656213640407
GM,0.3,0.8743811874083964,0.17144395564222667,5.58,0.0537091452672528,7.2528537050676155e-09,0.04583186584009848
GPC,0.64,3.2808163146751115,0.08994265091853966,19.09,0.03708318339388493,5.438717251427993e-07,-0.16007023550961075
GNW,3.1927525252525237,0.1503235237086921,0.10141277671339627,4.46,0.03133656744828923,8.43824761746545e-09,-0.01644140162317546
GILD,4.58,4.27533890181594,0.06324740479232471,17.7,0.03182913984777551,2.949184730664847e-08,0.10328911929370009
GS,3.1927525252525237,0.6540586146539826,0.10141277671339627,8.23,0.021820466282426183,-1.3996959296819561e-08,-0.0640282267710945
GT,0.14,0.4235729631601396,0.2163228383390445,-5.74,0.07577236369553192,5.850295593952226e-09,-0.058548774283236085
GOOGL,5.57,1.846495107369752,0.062040374525318805,25.65,0.03133656744828923,8.335510927457755e-08,-0.262763798526285
GOOG,5.71,2.11787596029728,0.0599251121057441,24.7,0.03133656744828923,8.262202535667102e-08,-0.2856727185340278
GWW,1.39,7.458717603833739,0.09132420885562795,17.1,0.0209138423665818,9.120172269873173e-07,-0.017969428525065445
HCA,0.86,-14.088059933052463,0.1280958540853301,11.88,0.01302643837635185,4.789284546847365e-08,-0.08432728671444999
HCP,9.85,2.945196410671474,0.10141277671339627,20.95,0.04139244982364749,1.4672642849111508e-07,0.3816694998078021
HAL,0.53,0.9072321710712855,0.13426668154564902,-6.48,0.05747944749987886,7.036653654916977e-09,-0.07992700694179593
HBI,0.65,3.280673088260988,0.134666078300451,6.95,0.04999125679977204,2.00185241326024e-08,0.0260084668175388
HOG,0.76,2.0611204237683505,0.07407142716425363,8.84,0.0592371897694759,1.1939694038176456e-06,0.004153010258630788
HRS,3.62,6.898864828873536,0.0547252172313889,25.27,0.014225365780852229,4.5018679467061065e-07,0.11186825743485955
HIG,3.1927525252525237,1.0220057290065228,0.10141277671339627,8.26,0.02444610027240631,4.524898542252731e-08,-0.10461501741898735
HAS,2.22,3.143777238790868,0.09709768367166362,17.26,0.03799469042539742,2.4811313460586435e-07,-0.39456365807692517
HP,1.08,0.542149279337104,0.24772521890928498,-82.3,0.10358172629204292,1.6341125018768364e-07,-0.031372855847680084
HSY,4.3,12.860767288574499,0.05378093306886807,28.44,0.01980540341443326,1.9633910241736566e-07,0.013397903611170084
HES,2.41,1.1666433096051798,0.1250770677771704,-24.33,0.02063052422907917,1.1395381214689213e-07,-0.12307718961761287
HPQ,0.55,-23.72068457875428,0.1415214063396055,9.41,0.03142608297915393,1.455563836304905e-08,-0.0014481037169337316
HD,2.29,-72.69958127185267,0.06644027759120874,20.76,0.023889680000552055,6.97141071087189e-08,-0.17013002723360582
HON,3.2,5.967896889909961,0.066045931375606,18.25,0.02067998618863663,5.7992135060077414e-08,0.013438705158637746
HRL,2.56,3.917716384489411,0.05570247661936001,23.95,0.02060096444804667,2.3081347677574234e-07,0.15197986023860346
HST,1.75,1.1643104892052916,0.12284012943388535,9.7,0.06125224969989598,3.704663375777084e-08,-0.09100971159778952
HUM,3.1927525252525237,3.733262209112413,0.10141277671339627,17.26,0.006022947443323178,6.489725349528908e-07,-0.11853976623116194
JBHT,1.13,4.158565820205862,0.11640811661195875,18.03,0.01143791855144602,5.469632388714284e-07,-0.05777011785088872
HBAN,3.1927525252525237,0.8435007968970046,0.10141277671339627,7.6,0.05438685180601715,1.827809771033492e-08,0.015088625962620172
ITW,3.82,16.37806834603651,0.06609456455096585,20.4,0.026180300689682693,2.0058098277848946e-07,-0.033391510742840504
INTC,3.45,2.927424725860206,0.12705692861443918,10.85,0.02341907710091618,5.13387939682739e-09,-0.08579251883567902
ICE,8.79,2.8400359055423956,0.05670375448340747,26.52,0.01182328280791238,1.0933558083139299e-07,-0.03140279394591231
IBM,1.53,5.037461314463036,0.0936563416266611,11.53,0.05235619925132053,3.4178121303504934e-08,-0.17470545860414713
IFF,2.59,1.901815287583262,0.06595490599027824,28.24,0.024532238085174445,3.5627356801401387e-07,-0.029853033509946725
IP,0.65,1.653966034515239,0.13813445055219978,10.61,0.0581726219284751,3.4313102431160096e-08,-0.011651811006815857
IPG,0.78,2.618515759405107,0.12265441644602317,11.12,0.04771776715846602,1.643324918939027e-08,-0.10168094817989352
INTU,11.0,18.77718920696624,0.029435054228421104,42.01,0.007314999670609204,7.99688057959869e-07,0.12224566981224537
ISRG,14.42,7.260085191660817,0.025163431064472587,42.89,0.03133656744828923,8.891259334543321e-07,-0.2050091576244636
IRM,2.21,5.875450525686094,0.0738735519647053,32.78,0.08048840484933588,9.498525680614856e-08,-0.19984098778069104
JPM,3.1927525252525237,1.1383986357546267,0.10141277671339627,9.02,0.03182049001046984,-6.886335851598667e-09,-0.01884573398604075
JEC,0.9,2.049151933870704,0.06945958041506445,-128.49,0.008175231754670186,-5.880029084792647e-07,0.17384436520495505
JNJ,4.68,6.21561981174768,0.07612037422263862,24.22,0.026548510288595287,2.1471914012032514e-08,-0.049382671071212934
JCI,1.24,1.3951824906531383,0.06614960657141065,92.23,0.02829648175447746,1.1238313652707783e-07,0.26656911236188796
JNPR,1.66,1.452523122275406,0.10412548219713971,20.07,0.0359402245802998,2.1088613554241998e-07,0.0802266455022394
KLAC,5.49,8.868221629677608,0.06360620170663946,20.15,0.020239969161019687,3.7708881290115097e-07,-0.3598931904801007
KSU,5.07,2.873245933015386,0.08133054736130074,23.32,0.010226093111603954,5.024475835542124e-07,-0.11196936536113167
K,1.6,7.907672808260844,0.06733429542514419,23.24,0.03698414852108454,2.480476814518003e-07,0.022657781449511274
KEY,3.1927525252525237,0.708282534402071,0.10141277671339627,7.59,0.0479538690968876,1.4446922357899478e-08,-0.04141000351911017
KMB,2.79,-12297.67022,0.07538840622796875,22.9,0.028665675440097002,1.5059814962193436e-07,-0.012991073378640314
KIM,6.78,1.4528511191944018,0.05407862652714924,19.4,0.06517444774985458,1.5768932703940109e-07,-0.09579997052357814
KMI,3.37,1.1110473561328083,0.0823738805303061,17.29,0.0511897417393832,9.222954934504701e-09,0.07731585540875029
KSS,0.28,0.929254685260157,0.19783445029269045,7.6,0.07993037099779944,5.0282906671533436e-08,-0.24163717141812505
KHC,1.28,0.5886191550155815,0.09663355778359199,15.23,0.06415241752443727,1.5399801725920982e-08,-0.00017204710315467438
KR,0.21,3.004589940973235,0.1309710779810032,15.25,0.019498998344724107,3.367530323227525e-08,-0.12148106140605086
LB,0.5,-24.434416880523045,0.10141277671339627,-15.7,0.05577845547186486,3.316133220180867e-07,-0.07359828503120855
LLL,1.9,3.344033627141732,0.06328205277345647,20.17977011494252,0.006950947818705177,1.1054213836164128e-06,-0.006575710701782223
LH,1.58,2.297773633531555,0.09151119586696699,21.59,0.03133656744828923,3.995046541249468e-05,-0.10738060103372948
LRCX,4.47,8.79586867802903,0.0669863304559838,19.77,0.01590206137834147,8.536846298620053e-07,-0.19620590796378956
EL,4.69,9.232421074091516,0.04383325890345616,35.66,0.009305523902704053,1.2197873405105411e-07,-0.09467886229929798
LEG,1.06,3.580557996191367,0.09994361176917657,14.3,0.04216450109344266,1.386741886347295e-07,-0.3503124390287779
LM,1.51,1.1883950039988063,0.09597103947006454,18.89,0.0312640683912838,1.4196388632962382e-07,0.04073584883359592
LEN,0.88,0.9677728272055316,0.09361851941579788,9.71,0.00258992819492723,4.157228648819851e-08,0.015697005461444407
LLY,6.21,50.47624912772427,0.04674563633979494,28.33,0.01874295551245194,6.904542132530357e-08,-0.12107244418094476
LNC,3.1927525252525237,0.3120135925948845,0.10141277671339627,7.4,0.04016387877752616,2.215090619812129e-07,-0.061060140924760725
LMT,1.8,32.80044069277961,0.0766327699442407,16.59,0.02470454482290026,2.3503384592363663e-07,-0.004932052567807862
L,3.1927525252525237,0.6170031705033586,0.10141277671339627,13.13,0.005925328422457327,9.264320981554922e-08,-0.08640881067658408
LOW,1.15,37.705523516539856,0.07437991732082325,17.7,0.0205776429214568,5.161438854865133e-07,-0.17404411277675583
MTB,3.1927525252525237,0.9339373804255343,0.10141277671339627,8.04,0.03410527247933824,1.1345032202483734e-07,0.00147009153537205
MAC,3.2,0.963251458169845,0.06953399009371015,22.38,0.15514504581618402,1.4259896029437942e-07,-0.011139883873062
M,0.14,0.5080774186564864,0.2162854482313674,5.87,0.13641691282635557,7.288136836801199e-09,-0.09143651012290294
MRO,1.08,0.22926539084820963,0.30027988918931015,6.16,0.029418237619930915,5.183267619156421e-09,0.16013908312459044
MPC,0.21,0.6769864800600053,0.17984935909889152,8.68,0.0568303948628462,1.3930990678631329e-08,-0.15610415473538425
MMC,3.1927525252525237,6.455017804353393,0.052129416021688954,29.31,0.01759212360930215,8.700491581779583e-08,-0.4034736197609333
MAR,1.78,47.95625223980767,0.04967181962414312,27.44,0.0174278719968379,2.099914870375917e-07,-0.129869732609666
MLM,3.17,2.583442850593364,0.06962980690006594,22.74,0.0090421487557824,6.846243158559193e-07,-0.03675848061065924
MAS,1.81,-47.52471257772704,0.09282509766787232,17.84,0.012132142391892213,1.667733798570552e-07,0.07607195698624901
MA,3.1927525252525237,45.14307939685867,0.03592983066010241,34.0,0.004912780958373981,9.687132581933448e-08,-0.17793317339238654
MAT,0.9,7.571752695551319,0.04862580439883978,-16.15,0.03133656744828923,1.4880631001778323e-08,-0.016946762481288454
MKC,3.81,5.32379164862945,0.04791954462857422,28.1,0.015890229208628433,3.2635404640570503e-07,0.02202585188713781
MCD,7.22,-17.44982563356376,0.05271626042021504,23.62,0.02431448581074765,1.0122538404033829e-07,-0.30923034335338717
MCK,0.12,2.8985595544345912,0.1356904718100736,-28.29,0.01164802885376916,-5.762152622400429e-06,-0.01630541241802188
MRK,4.5,7.77964526577136,0.07701104688524832,21.15,0.02826448958585906,1.649101313900274e-08,-0.060481691991113105
MET,3.1927525252525237,0.45218426999295414,0.10141277671339627,5.46,0.0461450063675623,6.511436602157575e-09,-0.04259450739693551
MSFT,10.18,11.301411743057738,0.046339009500615466,27.07,0.012470835343217317,1.4144483457909409e-08,-0.05640479186004811
MCHP,3.95,3.6050680659353,0.05176478297868375,29.7,0.017247604840728605,1.9684255781989742e-07,-0.6156011222561671
MU,2.52,1.4945847654151085,0.2361969651875012,15.17,0.03133656744828923,2.322563314282313e-08,-0.11414451267485903
MHK,0.86,0.986598714996211,0.134809659174114,11.15,0.03133656744828923,2.5298633915527273e-07,0.07368916789481333
TAP,0.98,0.656893770805668,0.12696034284897742,40.36,0.0416035970564213,6.772278219699052e-08,0.09017538373765996
MDLZ,3.18,2.9261419466793392,0.054984459761248716,20.27,0.01984101216151347,2.556294857350472e-08,-0.0440127199564557
MNST,8.77,8.039225311388183,0.04343903874152021,31.21,0.03133656744828923,2.0987654490127964e-07,-0.06750514413997556
MCO,9.54,66.94552114528402,0.04641232249934232,28.91,0.00855890120943768,4.2669273502849407e-07,-0.06502249359607948
MS,3.1927525252525237,0.7286667602549055,0.10141277671339627,7.44,0.03127713020875349,6.4602954179940605e-09,-0.06978993057692781
MOS,0.64,0.5095985241017676,0.14341191291187055,-4.25,0.012283265452732983,4.38298090638275e-08,-0.06615361159408006
MSI,3.9,-41.55750502,0.06048143366801545,32.87,0.013815559187853396,2.0719425041780634e-07,-0.025006893375219864
MUR,0.89,0.2733362722519917,0.30105287895688365,1.31,0.06575988391334259,2.6520782614208498e-08,-0.0038154740679007294
NRG,0.89,4.441874898670758,0.12261163566475254,1.84,0.003561510572983422,5.5265270365127785e-08,0.09875657491257016
NDAQ,4.46,3.227493704898158,0.06109337624580432,22.75,0.0173131548115746,3.1141212971417e-07,0.21953357124364864
NOV,0.72,0.5909568675220674,0.007829811483563808,-0.7,0.013316159788355129,2.3493820185134132e-08,0.07579001382497688
NAVI,0.43,0.629693945014373,0.05157341749202522,3.54,0.06130229832260486,4.8886550464370595e-08,0.06785807579628109
NTAP,1.66,8.319468486946171,0.1805060960798211,9.6,0.04270669796848604,9.387063885112118e-08,0.040427508787248934
NFLX,8.14,20.519251925917708,0.068933353119886,84.6,0.03133656744828923,-2.4491802576783376e-07,-0.1985475843857882
NWL,0.62,1.1664910954039491,0.10847978769324397,54.41,0.0679379050499123,2.11056291756634e-08,0.13600257163013527
NFX,3.1927525252525237,-24.434416880523045,0.10141277671339627,20.17977011494252,0.03133656744828923,4.884341883402726e-08,-0.02730361045295935
NEM,4.38,1.8368062762597068,0.08002379566641923,14.18,0.01115096285082081,3.9908993439979894e-08,-0.47308456419356515
NWSA,0.66,0.44798572885136095,0.19712204990232016,-33.11,0.018495995872530716,6.17479425455542e-08,0.10408970953635649
NEE,7.9,3.494569778505743,0.04662582013422177,34.57,0.01901657992297357,1.4140193876725957e-07,-0.1093471513118789
NKE,3.66,12.100863439045877,0.040315145834761326,29.05,0.010670000872674123,9.533164383373913e-08,-0.1270097034114699
NI,2.18,1.792398918815681,0.09812757437989861,32.31,0.028097335264654265,7.931873284574667e-08,-0.03141956001979982
NBL,1.48,0.549889795092739,0.16624719178807235,-3.0,0.03701124148101929,2.197239806967726e-08,-0.08678193761352555
JWN,0.3,4.27744242653825,0.19112728904048398,8.53,0.05289960509213221,3.679762589077278e-08,-0.1952056289796434
NSC,4.05,2.6432331596590646,0.08504252487894258,14.98,0.021354721697250282,1.780683286477254e-07,-0.06271408737752106
NTRS,3.1927525252525237,1.38218697277565,0.10141277671339627,11.0,0.03473794660588589,4.435508473290674e-08,-0.05207245009100986
NOC,1.66,6.001879359727037,0.07467953874502847,24.04,0.01601931163145964,1.2907345464022695e-07,-0.10844117830119647
NUE,0.54,1.0342708602000097,0.1823379593707453,8.64,0.04209728887438031,5.017577916078505e-08,-0.011904279655282055
NVDA,15.37,12.572297987003601,0.020868692397704874,56.19,0.0025040123651272,1.669502959894086e-07,-0.222500989174119
ORLY,2.75,72.5234821508297,0.06373063105603584,21.07,0.03133656744828923,1.7112628003711815e-06,-0.2750748157864917
OXY,1.33,0.40291891979867867,0.11643306904558899,-14.67,0.12217280303293361,5.983625879128655e-09,-0.7044689102782542
OMC,0.97,4.796596594345493,0.141268431858316,10.2,0.04095072007831169,2.9483512377011653e-08,-0.06843420227416112
OKE,2.6,2.645169072008434,0.062226053326282504,12.38,0.05798564065871345,5.980125405808203e-08,-0.2648547119582343
ORCL,3.94,6.920352093087154,0.09871071990351743,14.23,0.01972663766957526,9.093276347222333e-08,0.032825308070369874
OI,0.23,2.369372797068058,0.17256886750445724,-2.69,0.016411120985879858,1.0602462961881448e-08,-0.02026362502461361
PCG,0.45,1.3189733799922234,0.14918908562313063,-0.91,0.03133656744828923,1.6407922978355988e-08,-0.24431482140976096
PNC,3.1927525252525237,0.8600970860425569,0.10141277671339627,8.87,0.03731990502340664,4.013259623499964e-08,-0.08214879769867539
PPG,1.6,4.516053669100784,0.0818838195912348,19.37,0.01999326239637977,1.172998558039646e-07,-0.07242933274632415
PPL,3.19,1.7706486643574941,0.08951686057626367,12.6,0.05306930085340283,5.5008148081934635e-08,-0.04034596901849857
PVH,0.53,0.7953856296177173,0.1777828082779279,7.46,0.002186475299437734,5.342749998702842e-07,0.017117092239129484
PCAR,0.88,2.1966554146316963,0.13690503044680072,8.86,0.02017375049062039,6.517262733121903e-08,-0.0949889658239954
PH,1.52,3.241253349580021,0.10200755509898984,14.38,0.02122115253315142,4.010770399922936e-07,-0.1914110531520018
PDCO,0.43,1.4212415096038447,0.08848663253538921,43.79,0.04519189855599459,-1.407790485215914e-07,0.13753039827818342
PAYX,7.41,10.182943705971,0.05617863377202677,25.32,0.0326226764041942,2.7869291702830764e-07,-0.08469775899682985
PYPL,7.45,7.25997417744958,0.028625242067707085,50.56,0.03133656744828923,8.36953271357104e-08,-0.16538891578861079
PBCT,3.1927525252525237,0.7093349845067707,0.10141277671339627,10.36,0.05263963876375954,5.975408320486278e-08,-0.2050898135207896
PEP,2.85,12.14028860670503,0.057526124125149805,25.5,0.02825658030888197,2.8934927695515975e-08,0.011055481076587294
PKI,3.31,3.156125797222416,0.05441054275619163,38.81,0.003471029631562748,3.499051753847762e-07,-0.11659446829623046
PFE,3.81,2.989190954235619,0.0856417482317437,11.63,0.04210345661361461,8.905656115189888e-09,-0.09031950772120881
PM,4.62,-10.882942726355063,0.08185411858629353,18.39,0.054044916966733816,2.5320931705940032e-08,-0.0311588226902539
PSX,0.29,1.179858422802081,0.10813089635319828,9.21,0.051681113803963175,3.650105465172623e-08,-0.15362521846322036
PNW,3.3,1.9755560105789127,0.08200993011982619,20.18,0.03024412207127206,7.587332478314407e-07,-0.07005966444896884
PXD,1.8,0.9697936301419845,0.19424615658148398,14.98,0.01195283771879932,7.930000403290484e-08,-0.14415350860850018
PBI,0.18,1.660238155945715,0.1511573735319192,45.25,0.0663257601292471,3.7725949864737044e-08,0.1282049728798405
PX,3.1927525252525237,-24.434416880523045,0.10141277671339627,20.17977011494252,0.03133656744828923,3.316133220180867e-07,-0.07359828503120855
TROW,5.05,3.657309017047194,0.1084790539048179,12.09,0.02609631179010844,2.7796526295098164e-07,-0.28465587532881226
PCLN,3.1927525252525237,-24.434416880523045,0.10141277671339627,20.17977011494252,0.03133656744828923,3.316133220180867e-07,-0.07359828503120855
PFG,3.1927525252525237,0.6833583563898336,0.10141277671339627,7.12,0.0518742151121219,3.3289177742946066e-08,-0.11549994611832078
PG,4.49,6.173984506271633,0.05442711162554865,66.2,0.025271928513626196,2.7118115966745307e-08,-0.02938491117665083
PGR,3.1927525252525237,3.273241343443054,0.10141277671339627,11.49,0.036441654250858754,6.583116026709487e-08,-0.10216525378134535
PLD,19.68,2.638085424106214,0.028403760368797236,32.0,0.025293736433360532,1.245269862472297e-07,-0.09767209907373435
PRU,3.1927525252525237,0.37170019906347507,0.10141277671339627,5.85,0.05911868140838242,1.4520776360945736e-08,-0.09898301792273669
PEG,2.91,1.7513583524773715,0.0757739393259311,15.27,0.03547030401613408,7.777811590368562e-08,-0.041798493003379525
PSA,14.69,4.34952703152662,0.04905305956086048,31.98,0.03570550235831475,4.352676213278747e-07,-0.203554511396066
PHM,1.1,1.929188513419188,0.10787287363612602,10.6,0.011373292134298779,7.695971744575364e-08,-0.023760754647444832
QRVO,3.59,2.4942484044596918,0.0851960827420007,31.15,0.03133656744828923,2.989535586425291e-07,0.07635887042958803
QCOM,3.69,17.304643437307792,0.1034051206069128,21.14,0.03267934521750508,6.265589549187187e-08,0.15095691675836886
PWR,0.45,1.200927385809304,0.12676851658038232,12.27,0.00458595479532086,5.323694269341246e-08,-0.1822107332591565
DGX,2.02,2.662959179689147,0.08044106434206787,18.12,0.0194522673931388,3.3070892772237013e-07,-0.23513841852356204
RL,1.27,1.4481432011114048,0.14825353863327767,11.26,0.026294325366668654,1.7298872343166722e-07,0.012019088113910939
RRC,0.27,0.2884028392131988,0.1671579822555752,-0.35,0.03180642611576415,1.8300183579853792e-08,0.366621058695189
RTN,1.77,3.949114777253901,0.09984030005587706,14.38,0.020772477639755597,6.018313412275228e-08,-0.09247508865187687
O,17.85,2.6944998739675663,0.03917146582336572,53.84,0.0361536726891916,2.518035271610637e-07,-0.17487934136041564
RHT,10.02,21.229951562733294,0.020251221755390555,20.17977011494252,0.03133656744828923,4.1023780005016093e-07,0.019893911653964525
REGN,6.99,4.868535388838216,0.04722279828456222,24.65,0.03133656744828923,6.079480817361731e-07,-0.1885031743195848
RF,3.1927525252525237,0.6181058384562833,0.10141277671339627,7.01,0.04728922936588304,1.8121816041706763e-08,0.024920290122018192
RSG,3.04,3.695838812205427,0.07540864273649547,27.81,0.016677820882573708,1.6453331792768408e-07,-0.049927248717290464
RHI,0.96,4.571795437376878,0.12152270082175781,11.66,0.02616862466139013,5.569590752534452e-07,-0.27287988266999375
ROK,3.2,44.9477895580001,0.06881189034358712,19.8,0.023006000167116004,6.660186914871674e-07,-0.17231107596759218
ROP,7.0,3.6352447152908947,0.04563113723950378,18.9,0.005692537392270458,6.700309967714809e-07,-0.11882482308609653
ROST,2.29,10.565204305649747,0.06501132745518078,21.26,0.01002248046361754,1.2440893622760105e-07,-0.5228962318414719
R,0.22,0.6624309921197612,0.24171518045594537,-65.16,0.06498704512221341,5.73089534175652e-08,-0.17101630195208967
SLG,4.87,1.0181404189729344,0.07032217872635854,25.12,0.04459938284801941,6.984384942692795e-07,-0.066614916265451
CRM,8.58,3.989596837658627,0.0181345326298398,698.24,0.03133656744828923,8.439512490020258e-08,-0.27820885586405436
HSIC,0.87,2.699175293690603,0.10004560043930065,16.32,0.03133656744828923,1.8826858861855094e-07,0.4703917726888596
SLB,1.04,1.056562644411426,0.13328283569389038,-2.49,0.08680873906477679,7.713565589763012e-09,0.030320275096634892
SCHW,3.84,1.8426882843405807,0.46104085516978566,11.81,0.020165063070956512,6.954048386437538e-09,0.0029911722362988644
SEE,1.01,-22.751,0.1000687085561852,15.37,0.0216313707344657,1.11245265967271e-07,-0.07918704916095907
SRE,3.98,1.9752765194231572,0.061199884811940324,18.11,0.02734854581613359,1.3286681709705218e-07,-0.041515513322926446
SHW,2.85,11.81780805227023,0.05530356035107546,31.7,0.008625291690321293,5.004853007762144e-07,-0.041085721799922405
SPG,14.04,13.265161457169436,0.039615039867840214,15.55,0.0699880917644545,1.0602923260837686e-07,-0.04282689163727079
SWKS,5.03,3.828740605982539,0.0904111081751021,18.7,0.01779797210663556,2.1923238124184468e-07,0.03440547589337794
SJM,1.6,1.5508174874626741,0.09228515097958956,20.11,0.0331643816812677,2.123297862526783e-07,-0.15725585454110685
SNA,1.91,2.1320717340298394,0.11939797409923533,10.55,0.028423674235276974,6.565430646233976e-07,-0.006741380407690761
SO,3.41,2.405242993604311,0.07082215166481945,13.8,0.03850464451660518,6.795713034850153e-08,0.005387160007584837
LUV,1.09,2.33608235434292,0.1865861354110124,10.32,0.015974219958849997,5.341078254532642e-08,-0.012574528553549832
SWN,0.23,0.26363734369343,0.2620208273278885,0.96,0.03133656744828923,6.62681182326009e-09,-0.13635665497651903
SE,19.32,-58.5254931930626,-0.05896716270135947,-12.72,0.03133656744828923,5.130935240971327e-07,-0.37852317255944246
SWK,1.4,2.0261552659096473,0.1133815163432846,18.94,0.021494307271006718,9.79825645832844e-08,-0.005141608645133236
SBUX,3.41,-13.740030359538668,0.05708462227455945,23.62,0.01990095024434605,3.3529803222187777e-08,-0.09029612890022284
STT,3.1927525252525237,0.7874983994390536,0.10141277671339627,9.26,0.03301287394222276,4.835885670643004e-08,-0.02567424657081815
SRCL,1.73,2.17704119538551,0.06951514205489094,-14.6,0.03133656744828923,1.1631033435237318e-06,-0.0807005950902491
SYK,4.84,5.310464038933699,0.0554550154994949,32.0,0.01197388993615477,2.3997097440460613e-07,-0.08433496946364064
STI,3.1927525252525237,1.3445864867740631,0.10141277671339627,20.17977011494252,0.03106487618289178,6.341896107707162e-08,-0.06324465436773158
SYMC,3.2,2.616401063362576,0.07437992350591038,131.05,0.01318971755395942,7.23543914638523e-08,0.022804520196206175
SYY,0.6,12.928307254837586,0.07601050164417596,17.99,0.024467404832407426,1.0313160021835181e-07,0.03738451205572751
TJX,1.7,11.955670550481463,0.06677368991810101,20.17977011494252,0.01631894312800504,2.5990053907021277e-08,-0.46841990776906306
TGT,0.7,4.623591473385062,0.11554271511033071,16.9,0.025817244771079294,3.535682205903527e-08,-0.0653272469173408
TGNA,1.66,2.394748924242052,0.08936067671077856,13.74,0.01657490315603563,2.1194149738312476e-07,-0.26112445773185683
THC,0.15,-6.099293988783839,0.13967004116080547,-9.91,0.03133656744828923,4.2194982293425966e-08,-0.04934479207887644
TDC,1.28,8.802213828518866,0.06728668753581656,-101.05,0.03133656744828923,3.7905868991156396e-07,0.04506470001072012
TXN,7.71,11.40125498855959,0.06436104688342614,20.5,0.02923060935898764,6.033001404176442e-08,-0.12103781862035874
TXT,0.6,1.30818130668177,0.13564052799677226,9.0,0.0022771475272461415,3.8364751927075625e-08,-0.031869624224037725
TMO,4.88,4.017275317310944,0.04505009500740854,33.4,0.002466590667340545,1.4916356284743486e-07,0.04604138487322067
MMM,2.89,8.466605762714497,0.07994690936097812,18.6,0.03896021754472522,6.145578531793391e-08,-0.2180751036707402
TIF,3.77,5.162549750274365,0.0625156569454019,29.26,0.01772301651230427,1.153642638999407e-06,-0.01885849600363179
TMK,3.1927525252525237,1.8199550148949881,0.10141277671339627,14.12,0.007608476907989733,3.316133220180867e-07,-0.024213714498129365
TSS,5.95,9.46411903534216,0.046160960942886416,20.17977011494252,0.0029412199823115265,8.009392240516755e-07,-0.18061936306511256
TSCO,1.3,6.245739134080222,0.07147800728812574,17.3,0.015293321884319753,2.0631168786451463e-07,-0.561270796793282
TRV,3.1927525252525237,1.1413583386185397,0.10141277671339627,11.75,0.02672428827156549,8.240177499249864e-08,-0.061889705717473986
TRIP,2.01,2.252832123807953,0.11188888283238406,22.7,0.1591396120112611,3.352042636405676e-07,-0.18535325702643718
FOXA,1.54,0.9610968812301307,0.12335752265581472,9.9,0.0159842751132394,-6.204016660761894e-08,-0.6632730610994866
TSN,0.46,1.2839197985604056,0.13326149231002943,10.86,0.02507394186909744,6.848343496676683e-08,-0.1543347423116942
USB,3.1927525252525237,1.067726486335558,0.10141277671339627,9.03,0.0385905421031654,2.3874763446071586e-08,-0.08983453494460604
UA,0.97,1.1083309732419708,0.07236524619116882,49.46,0.03133656744828923,2.3950889894241596e-08,-0.17109850091721424
UNP,5.12,5.325674328380362,0.07724946386957167,16.13,0.0240607227342848,5.55919447589387e-08,-0.13940510589882105
UAL,0.3,1.0125707647905176,0.24134256029306042,4.2,0.03133656744828923,3.899782547461624e-08,-0.17613573008334993
UPS,1.09,19.653010921133152,0.09641379749863654,17.76,0.04271269277847469,2.9135025878974686e-08,-0.11953736743226592
URI,0.93,2.0189057047628847,0.2002326790158924,6.55,0.03133656744828923,2.2394830470470257e-07,-0.022685367759220885
UTX,1.49,2.385253647195785,0.07711727453098281,18.06,0.023459939637779047,4.1247957182999135e-08,-0.01795652683653653
UNH,3.1927525252525237,4.510691908302743,0.10141277671339627,19.31,0.014813695431203859,4.5159268582138905e-08,-0.16151559766424103
UHS,0.96,1.7329607721960498,0.11833749845623141,12.73,0.00496260749403317,2.902459235576195e-07,-0.05786921422660009
UNM,3.1927525252525237,0.3543105468780136,0.10141277671339627,3.4,0.05388847659688892,3.455862829964425e-08,-0.04145615655361969
URBN,0.47,1.1477598044673103,0.10141277671339627,10.07,0.03133656744828923,3.316133220180867e-07,-0.6265776210131505
VFC,2.1,5.729961802671124,0.07080483252740144,19.62,0.028555103635543002,5.025859443794822e-08,0.11169541469775526
VLO,0.25,1.1198230448268034,0.18267191459831109,10.29,0.05806428063034456,3.297047637437978e-08,-0.14187316132730007
VAR,3.66,6.0937449409963,0.05130203555667547,36.55,0.03133656744828923,1.0715890855618837e-06,-0.2563394770815736
VTR,4.91,1.7146232955331657,0.060519895925793675,38.06,0.06495017022761662,1.306407111186263e-07,-0.11756156140742352
VRSN,18.88,-14.137661139532357,0.03817872917960731,35.04,0.03133656744828923,9.251787406927573e-07,-0.0016399253144335803
VZ,1.84,3.791698459330259,0.1319453113685367,12.09,0.04487690510892148,6.111356473011586e-09,-0.10268592975687782
VRTX,15.3,9.69256886038929,0.021451879406257063,49.95,0.03133656744828923,4.792066604468022e-07,-0.17391917925595748
VIAB,0.77,1.191307470880836,0.1660065535789532,20.17977011494252,0.02587081660556506,5.0958356761245066e-08,0.10656199316971726
V,16.16,8.730902804570283,0.04426218525565621,32.1,0.005751944281043851,4.37833277490151e-08,-0.05259090375612855
VNO,1.97,1.3542901685871598,0.24108119927908325,3.0,0.052330482189614,1.6989679387386184e-07,0.07776224593495604
VMC,3.52,2.8739084996687763,0.06624974409503903,26.64,0.00997076066935771,3.570381564923901e-07,-0.09587493391699105
WEC,4.6,3.2211510737753133,0.053345185240956175,28.7,0.022951956770295448,1.9561448805052233e-07,-0.03686212174399903
WMT,0.65,4.499694497991373,0.08128735888510281,23.05,0.01844947381730645,1.11959296675217e-08,-0.09523712134823573
WBA,0.34,1.8740162971103245,0.11669981255635097,12.3,0.03645644633660037,4.4003435626608455e-08,-0.06935042423986675
WM,3.33,6.891485536506026,0.07669879033726928,28.57,0.017635842493820292,1.1405827146134177e-07,-0.21813344032627963
WAT,5.17,-56.6914518985881,0.06176106135781859,21.64,0.03133656744828923,9.992954894281715e-07,-0.21425504528332737
WFC,3.1927525252525237,0.7173531697340806,0.10141277671339627,8.18,0.05278637323426678,2.344504752801313e-09,-0.06011365114133105
WDC,1.03,1.4614983268614732,0.08937259269439815,-12.12,0.03667046716886538,1.8834925850214858e-07,0.08001478171592652
WU,1.76,-214.08607635378692,0.11263984103952224,8.22,0.036129598653024265,8.249015695108925e-08,0.060154856973878505
WRK,0.43,0.6067270994452556,0.17028216607422264,8.29,0.0634004735118999,6.141450609568604e-08,-0.24048054682357117
WY,3.07,2.2549512368893057,0.045400018026261146,-236.45,0.05119307160754633,8.273017687880653e-08,-0.018033752425387822
WHR,0.39,2.251279498133588,0.15156380218880602,6.29,0.0408244930035289,6.20838212454183e-08,0.029486865739255696
WMB,2.66,1.3868550577345513,0.09225083620928996,21.49,0.08962001793722758,1.490515968771939e-08,-0.04215101705141414
WYNN,1.56,5.215750182210615,0.08450163478310713,73.3,0.04126634448294369,6.627989802262816e-07,-0.10501159488585263
XEL,3.27,2.691010211208203,0.06770815209832695,26.51,0.02390378724420954,9.431645022720089e-08,-0.1151967616472731
XLNX,6.6,6.786437719508878,0.05978564607628402,21.6,0.019274636175801173,2.2510174164437572e-07,0.21667110475301665
XRX,0.74,1.050936578609555,0.18862902681662502,8.97,0.016190706206167988,6.555348667284756e-08,0.04315417049385547
XYL,2.91,4.746018775646032,0.06891615943029182,35.14,0.012371225663987526,1.9354063692764894e-07,-0.08389823800131564
YUM,4.9,-3.157998709354827,0.05557067861645185,20.31,0.01920306645967302,1.9656790015042445e-07,-0.11921966828589696
ZBH,3.31,1.9497458495352067,0.06660240878626669,20.24,0.00806930714486474,2.648027822609952e-07,0.0722439510822161
ZION,3.1927525252525237,0.7284570502862869,0.10141277671339627,7.32,0.03629525573316671,1.2094168319386873e-07,-0.020568715818805237
ZTS,10.8,23.90022888200719,0.03390764664979635,41.8,0.005153336261016874,2.1344674159432975e-07,-0.06802919205709154
ALLE,3.98,14.711399016223366,0.05452667241940347,26.91,0.009340248720923329,5.476368913420189e-07,-0.021682259807290067
AGN,4.03,1.0602377173754562,0.09437199042530393,-11.8,0.016044395548041178,1.0945221718582697e-07,-0.014813399646959569
AON,3.1927525252525237,12.06800406284395,0.049583849806737856,29.21,0.008205473044036854,9.328275858322072e-08,-0.13586689637036076
ACN,2.75,7.458440839695776,0.06835771661595172,22.36,0.016719530921735417,2.1282885188817137e-07,-0.07706813899447214
DLPH,0.25,3.16743604428715,0.19934698207785723,61.56,0.03133656744828923,7.884802318806932e-08,0.09750657197736971
ETN,1.81,2.2132524479588347,0.08400727506644678,16.28,0.03199057885868958,8.880896392557767e-08,-0.12749214524717972
ENDP,0.37,-1.0031351578666794,0.15264578076866775,-2.03,0.03133656744828923,-1.6626510439299551e-07,0.07603006471213451
ESV,0.98,0.20105340787165263,0.0485150169126198,-1.35,0.019855041373397723,-3.329351355220591e-07,0.02146428306246458
IR,2.33,2.64067572215573,0.07540185788912655,30.91,0.07782477733776401,2.2958517525203614e-07,0.009686868585237979
IVZ,1.0,0.3813910717055,0.13482707522446974,8.98,0.09411,2.6140547024657556e-08,-0.14565321862014088
MNK,0.08,0.10316691781241503,0.2553627083422162,-0.2,0.03133656744828923,1.0225284857781903e-08,-0.0417936337491967
MDT,4.36,2.485998088672511,0.06446324441445699,23.6,0.02168784294381256,3.855602234095793e-08,0.012818386829701899
KORS,3.1927525252525237,-24.434416880523045,0.10141277671339627,20.17977011494252,0.03133656744828923,3.316133220180867e-07,-0.07359828503120855
NLSN,0.9,2.4108109597327845,0.12385839139083836,-12.68,0.07120640358699369,3.114893438907343e-08,0.037574486263199036
STX,1.3,5.546093196182416,0.13799947868794582,7.31,0.05347800678887727,9.623903073378662e-08,0.1606924757940927
PNR,2.25,3.130527266375752,0.07041684328857267,17.8,0.019129319441586908,3.9323649274106354e-07,-0.1069442245923165
SIG,0.18,0.553334420239225,0.2509665010913269,-4.18,0.06781034777695023,-4.5028428096213413e-07,0.07171213037765693
PRGO,1.5,1.1686310388286527,0.08128902292662465,46.8,0.015741479331333772,5.414584203965751e-07,-0.06586296733383828
GRMN,4.49,3.3543799582927742,0.07133904271378406,16.61,0.02610467074546864,3.427665392722591e-07,-0.12029225714653867
TEL,2.01,2.380524219721496,0.09794855081606899,15.86,0.023700361689072077,1.7487393486206448e-07,0.059372582128393074
RIG,0.48,0.0796371552694669,0.10821754870281143,-0.77,0.03133656744828923,1.0332529669175665e-08,0.04251645972898217
LYB,0.7,2.5071852456601973,0.15532073256888887,6.39,0.0595761227158971,4.611867467129768e-08,-0.21601069208491344
MYL,0.72,0.6357211712048636,0.13755661127977326,527.04,0.03133656744828923,2.0262585167316828e-08,0.06927369826326704
RCL,1.27,0.857609126811864,0.1353743955562721,5.56,0.04609081160720737,7.842652829703004e-08,-0.06731827092405934
AVGO,4.95,4.147873189252426,0.07266740430448844,38.26,0.04037489567746472,9.951971761457194e-08,-0.4358677179161291
